C_No.,Review Text,Star Rating,Polarity Scores
1,Zepto is just awesome,5,Satisfied
2,nice interesting in zepto,5,Satisfied
3,fastest app zepto... so this is my favourite app,5,Neutral
4,good,5,Satisfied
5,location not available 😞,1,Satisfied
6,it's too good,5,Satisfied
7,good,5,Satisfied
8,very good,5,Satisfied
9,bad servise,1,Dissatisfied
10,I orderd biscuits but one the biscuits was 1 row was fully crushed .then I open the products and take photos and videos of the biscuit condition then escalate to support team but that executive told product once opened means not given refund ....my question is how to I tell u my biscuits was crushed with out open the pocket....very disappointing with zepto,1,Extremely Dissatisfied
11,Good service,4,Satisfied
12,Bad support team ever I have seen in my life .I have ordered kids scooter before 9.45 pm on 10.12.2025 but not received yet . app is showing 15 minutes your order will be there.still waiting and will see when they deliver my order.,1,Neutral
13,best,5,Satisfied
14,ara phycsho team why ur not providing cost high to low and low to high sorting or filter,3,Dissatisfied
15,supb,5,Neutral
16,good service,5,Satisfied
17,To late,1,Neutral
18,"do not buy in zepto, weights are not according to that is given in their app, very less weights of vegetables, fruits",1,Neutral
19,good parsun,5,Satisfied
20,worse interface and no option for cancellation before delivery,1,Dissatisfied
21,on time delivery,5,Neutral
22,good👍,5,Satisfied
23,one egg damage,5,Dissatisfied
24,is app mein jo delivery partner Hain vah kabhi kabhi kya Aksar Hamesha vah order Jab dekhte hain achha hota hai to usko bol Dete Hain cancel kar diya hai maine aur cancel karne ke liye Khud Hi Rakh lete hain yah bahut galat baat hai aap log is is per support per koi bhi vah nahin hota hai support karne jao To Kuchh Bhi Nahin Pata Chalta Hai help Lo To Nahin Hota Hai Is per is Jab zepto ko action Lena chahie Mere Sath 3:00 se 4 bar ho chuka hai,1,Satisfied
25,"scam app. don't use this app to buy products. I loss around Rs4,000 INR. People will send duplicate products",1,Dissatisfied
26,kbi kbi damage product de deta h baki ok,3,Neutral
27,nice,5,Satisfied
28,Best aap ever. perfect items and price (cost ) and loving it 😆🫶🏻💗 . but according to me Zepto have to increase delivery boy talking way or response 😕 btw the other things is perfect 🤌🏻💗,5,Extremely Satisfied
29,good,5,Satisfied
30,very service,5,Neutral
31,Very disappointed experience not for single time but every time,1,Dissatisfied
32,nice zepto,5,Satisfied
33,fast service 👍👍👍,5,Neutral
34,good 👍 great,5,Extremely Satisfied
35,excellent service,5,Satisfied
36,super fast delivery,5,Satisfied
37,good,5,Satisfied
38,ontime delivery with polite persons,5,Neutral
39,Fast service,5,Neutral
40,"Off late, most of the fruits delivered are rotten and support also sucks. It's better to avoid the App for fruits & vegetables.",1,Dissatisfied
41,super,5,Satisfied
42,fast delivery,5,Neutral
43,No response just stalkers,1,Dissatisfied
44,very good service,5,Satisfied
45,great initiative but the app is not working nowadays and the store is closed is more often high demand is there that you are not able to meet,1,Neutral
46,very good app with excellent service and delivery guys behavior wass so good thank uh zepto ❤️,5,Extremely Satisfied
47,good 👍,5,Satisfied
48,Today I ordered dark chocolate and received an expired product. totally unhappy with zepto.,1,Dissatisfied
49,good,5,Satisfied
50,wrost,1,Neutral
51,Easy buying fast delivery good products,5,Satisfied
52,"I'm unable to install zepto, so help me to fix this issue",5,Satisfied
53,"very bad .. my experience because... zepto walo ne delivery boy chor rakha hai ... or yeh toh zepto wale log ka paisa dene ka chalaki hai ... issiliye toh mujhe zepto ke taraf se help bhi nhi mila ...,..",1,Dissatisfied
54,it's good,5,Satisfied
55,nice 👍👍,5,Satisfied
56,तुम इसको permissions देने में रह जाओ सका,1,Neutral
57,super fast delivery and amazing service. Keep it up 🔥,5,Satisfied
58,very well service,5,Satisfied
59,gud,5,Neutral
60,"I have used many grocery apps but there is no one like this one. It is the best in every field be it lowest price or customer service and everything is fresh, fruits, every single thing, grocery items are also the best and if I want to share my experience then according to me this is the best app for grocery and everything else🫂❤",5,Extremely Satisfied
61,order quick,5,Neutral
62,bekar ho tum,1,Neutral
63,Poor quality & Customer support. no longer needed this service. uninstalling the app now,1,Dissatisfied
64,thanku you,5,Neutral
65,good 💯,5,Satisfied
66,FAST delivery,5,Neutral
67,good service,5,Satisfied
68,great application,5,Satisfied
69,the service is very bad from the customer support. the product was spoiled and I did not get a refund or exchange when I reached the customer support and the answers were cold I lost 110 rupees.,1,Neutral
70,"I added the proper address and placed an order, but the order was not delivered to my location. The delivery boy marked the order as “Delivered” even though I didn’t receive it. Because of this, I don’t feel like using the app anymore.",1,Satisfied
71,good service but all peket opened all paket louse no bag🙏🙏🙏aal in best,5,Satisfied
72,job good 💯,5,Satisfied
73,SUPER APP,2,Satisfied
74,nice,1,Satisfied
75,Yes this service is really good.,5,Satisfied
76,amazing 😄,5,Extremely Satisfied
77,great service by ankit,5,Satisfied
78,👌,5,Satisfied
79,totally never understood,4,Neutral
80,"Since version 25.8.4, why the heck have you removed all the notification channels and pushing all the promotional as well as delivery-related notifications in a single channel called ""Default?!"" Also, stop showing popups every time I open the app. It's seriously infuriating!",1,Dissatisfied
81,nice,5,Satisfied
82,This app is not working on my phone,1,Neutral
83,good,5,Satisfied
84,very nice,5,Satisfied
85,noce,5,Neutral
86,anycash back,5,Neutral
87,very good food,5,Satisfied
88,kafi time se mai use kr rhi hoon yeh app bss problem yeh hai ki items missing rehte hai order mai kbhi kbhi agar available na ho toh app mai mat btao areawise taki hum jo available ho vhi order kare......,3,Dissatisfied
89,very efficient and good pricing,5,Satisfied
90,very good 👍🏻😊,5,Extremely Satisfied
91,good,5,Satisfied
92,very good,5,Satisfied
93,zepto is the best of the rest,5,Satisfied
94,better than blinkit because tjey charge 200 rs for free delivery and zepto has free delivery keep the good work,5,Extremely Satisfied
95,referral code is not showing for my account please fix this problem ASAP,1,Neutral
96,it is a best minute delivery aap,4,Satisfied
97,why not servicable in my area for many days now,2,Neutral
98,bahut badhiya,5,Neutral
99,"Zepto delivery address ratings vary by location and platform (like Justdial/Google Maps), generally hovering",5,Satisfied
100,worst app ever . i ordered a packet of frozen momos and it cam tron but when I message them . than they told it's not are fault and the product was 260 rs,1,Neutral
101,"not 10min delivery taking 20,30min minutes 😠😏",1,Dissatisfied
102,good services for quick shopping.,4,Satisfied
103,good,5,Satisfied
104,satisfied 👌🥰,5,Extremely Satisfied
105,good experience,4,Satisfied
106,I am not able to refer to any friend,1,Satisfied
107,good 👍,5,Satisfied
108,nice,5,Satisfied
109,nice,5,Satisfied
110,good service,4,Satisfied
111,good quality,5,Satisfied
112,super app,5,Satisfied
113,Good,5,Satisfied
114,the best aap,5,Satisfied
115,"pathetic customer support, selling expired products specially in the recent times",1,Neutral
116,App totally good but bring free cash back to improve more,4,Extremely Satisfied
117,good 😊👍,5,Extremely Satisfied
118,vary good 👍,5,Satisfied
119,maine rabdi or kheer magai thi bahut jyada test h uska rakhi hui de di h ab kabhi nhi magaugi isse ek bar palhe bhi aisa hua h mujhe mere pure paise chaiye,1,Neutral
120,good,5,Satisfied
121,its very fast and easy to use,5,Satisfied
122,good response and good delivery ❤️,5,Satisfied
123,nice,5,Satisfied
124,worst delivery app i used in india always online payment fail,1,Extremely Dissatisfied
125,awesome service,5,Satisfied
126,very good,5,Satisfied
127,fast delivery happy customer,5,Satisfied
128,good service 👍,5,Satisfied
129,amezing,5,Neutral
130,its help fully to people thanks 🙏👍,5,Satisfied
131,"worst service sending damaged products, immediately I ask to delivery person easily he said that, raise a complaint they will send replacement person, as it is very simple. but when I contact no one is responsible. why should I pay for a damaged product worst service ever.....",1,Extremely Dissatisfied
132,zepto is a real life partner 😍,5,Satisfied
133,"The worst experience, I wish I could give -1. they hire people who do not know how to read and so pass the burden of helping the delivery boys get to the right address to us. The basic and the only thing the delivery people need to know is to read addresses, talk in english and be able to navigate through the city easily. if that's not there, then don't hire them. This one delivery guy calls and doesn't speak for 1 whole minute and then talks in a language I don't understand.",1,Neutral
134,nice,5,Satisfied
135,super,5,Satisfied
136,chomu,1,Neutral
137,good,5,Satisfied
138,good service 💯,5,Satisfied
139,good delivery app in city,4,Satisfied
140,wonderful,5,Satisfied
141,good nice,5,Satisfied
142,mai kafi time sai notice kr rhi thi esliye ajj review kiya hai zepto nai 3time mera product change kr diya hai so bad,1,Dissatisfied
143,ok. good,5,Satisfied
144,super in emergency only one option in below 10 minutes for many things ofcourse it should give balance of amount of amound paid as free service today i want only 90 rupees worth yesterday i spent above 600 it should be in free service discount free small packets of any thing in kitchen not discounts you choose on beauty or AI 😄 dicount should be benifited not fake ok like AI or shoes or jewellary,5,Extremely Satisfied
145,GOOD APP,5,Satisfied
146,good,5,Satisfied
147,not good,5,Dissatisfied
148,today my payment not received not order received not showing order in my id,4,Neutral
149,naic app i am so happy 👌❤️👌👌👌💪,5,Extremely Satisfied
150,"app not working properly, not taking address",1,Neutral
151,good very fast service,4,Satisfied
152,ok,5,Satisfied
153,best app,5,Satisfied
154,nice app,5,Satisfied
155,most popular app in India,4,Satisfied
156,I'm not gonna use Zepto anymore in my lifetime. ive just uninstalled it..very poor customer service..I have never seen any online platforms who doesn't accept return/refund even for electronic appliances like iron box...,1,Dissatisfied
157,don't like it and product is costly,1,Dissatisfied
158,now is too good for me,5,Satisfied
159,tamatar no best,2,Dissatisfied
160,overall good,5,Satisfied
161,ever good service and packing,5,Satisfied
162,good 👍,5,Satisfied
163,This aap is good 🤗,5,Satisfied
164,really happy 😊 zepto,5,Extremely Satisfied
165,super,5,Satisfied
166,"tq zepot,",5,Neutral
167,work on product packaging and quality.,3,Neutral
168,"Fraudlent and fake offers, I saw offer an 100rs cashback on amazon upi payment, I didnt receive anything, Previously also I cannot use my wallet money in Zepto, is this a scam!",1,Dissatisfied
169,"bad app there is no option to connect with customer care and didn't provide any support and there is no chart option, only robotic options are there. You need to improve in this competitive Market.",1,Dissatisfied
170,"""Zepto app ko dekhke lagta hai bas ek hi cheez fast hai — unka ‘10-minute delivery’ jhooth. Baaki sab slow, useless aur headache. Order karo to lagta hai ki delivery boy Himalaya chadhne gaya hai, time ka to koi concept hi nahi. Customer support aisa behave karta hai jaise hum unka personal time waste kar rahe ho. Reply ka koi bhaav hi nahi. App to itni laggy hai ki open karo to phone ko bhi sharam aa jati hai. Kabhi item missing, kabhi galat cheez, kabhi expire ke kareeb maal —",1,Dissatisfied
171,Yes Zepto is often too helpful in times of need. Best thing is you don't need to stock goods at home 🏡,5,Extremely Satisfied
172,"The worst customer service,your agents will not at all understand the queries in spite of that, they will just use the repeated words worst in worst out of you need help from customer service team of zepto",1,Extremely Dissatisfied
173,"Losing trust n confidence, maintain earlier hopes",2,Extremely Satisfied
174,good 👍🏼,5,Satisfied
175,Satisfied. Thanks,5,Satisfied
176,useful,5,Satisfied
177,Good,5,Satisfied
178,good,5,Satisfied
179,best app,5,Satisfied
180,thank you,5,Satisfied
181,good,5,Satisfied
182,very good 👍,5,Satisfied
183,Good,5,Satisfied
184,price best and veggie fresh,5,Extremely Satisfied
185,worst delevery app I have seen ever ... I ordered groceries for delivering in just 6 minutes but it tooks more than 25 minutes....,1,Dissatisfied
186,I orderd baby product and my order was of 1094 rupees and i gpay the amount these zepto people allow me to wait for one and half hour still their rider was not available after waiting so long they cancelled my order and sending the message continuously that the amount will refund in 5 to 7 days this behaviour is not acceptable if you promised 24 hour services then you have to be assured with that some people have less money what the will do my small child need the baby powder urgently,1,Satisfied
187,"literally the worst app ever not even kidding, waited for almost 2 hours since order was not delivered... and DHANASHREE, ANURAG, ROSHNI, kindly talk to them and to the publicc, uninstall this app worst service ever",1,Dissatisfied
188,"what a disappointing experience. I ordered 3 small items around 2 AM. They took more than 1 hour and still couldn't find a delivery partner. Saying there is high demand. really, for straight 1 hour you can't find a delivery partner. And the audacity that after making me wait for more than 1 hour, they cancelled the order saying ""The payment is not completed"" I mean seriously? It has happened before too.",1,Dissatisfied
189,"they deliver fake product,don't try",1,Dissatisfied
190,very bad experience with zepto!!! Mai abhi kuch din pahle rat ko bhukh lagi thi to maine zepto se order Kiya payment bhi online kar di thi fir delivery ka time 10 minut dikha raha tha likin mere 1 :30 ghante wait karne ke bad bhi order nahi aaya fir maine jab inquiry ki to kah rah hai koi partner nahi mil raha hai aapka order ready hai aap apna order cancel kardo aur maine order cancel Kiya aur mera paise bhi wapas nahi mila😏😏,1,Extremely Dissatisfied
191,delivery guy was really rude and threatening to me,1,Extremely Dissatisfied
192,good,5,Satisfied
193,want more discount,4,Neutral
194,Very nice,1,Satisfied
195,WOW ☺️☺️🫣😲😯😱,5,Extremely Satisfied
196,I don't know why there is No bot or human available for issue related delivery.,1,Dissatisfied
197,good company,5,Satisfied
198,very good,5,Satisfied
199,Excellent 👌🏻,5,Extremely Satisfied
200,"Every time order getting delayed and took more than a hour, if you don't have proper delivery team then don't accept the order ,totally disappointed 🤦",1,Extremely Dissatisfied
201,not good,1,Dissatisfied
202,good 💯,5,Satisfied
203,don't purchase anything from.zepto post delivery there is no customer support chat with us option ua disables useless customer experience,1,Dissatisfied
204,fresh and good,5,Satisfied
205,scamers,1,Neutral
206,veri good,5,Satisfied
207,"Worst app. after adding items to cart it says unserviceable. Ridiculous strategy, if it's unserviceable show it first. this isn't happening for the first time, it's a regular affair.",1,Extremely Dissatisfied
208,it's good,5,Satisfied
209,Good,5,Satisfied
210,ok,5,Satisfied
211,best in everything,5,Satisfied
212,nice aap,5,Satisfied
213,acha he tension free is zepto,5,Satisfied
214,waste,1,Dissatisfied
215,taking every order 30 minutes to delivery.,1,Neutral
216,fast delivery Hai accha Hai thank you 🥰🥰🥰,5,Extremely Satisfied
217,suddenly stop delivering,1,Dissatisfied
218,much needed,5,Neutral
219,welldon job,5,Neutral
220,very bad service. don't order item anyone,1,Dissatisfied
221,Please give customer the cancellation option as sometimes we need orders at different places ..it would make us customers a great experience in dealing whereas all other things are good,4,Extremely Satisfied
222,Best and Fast Delivery App,5,Satisfied
223,I can not give below 1 star to said company. There is no responsibility for sold goods or products by company. in my case faulty product has been received but company provided number for said service centre which is switched off. pathetic experience. Will not recommend.,1,Extremely Dissatisfied
224,"Fast delivery Good services Good quality Good price Thank you 😊 for your good services I""ll love to shopping 🛍 again.....",5,Extremely Satisfied
225,"worst app ever better if we order in blinkit or swiggy not here ,ordered a parcel it showed 10 minutes when ordering now after ordering it's showing 22 minutes",1,Dissatisfied
226,good service,5,Satisfied
227,good service,5,Satisfied
228,"10 minutes delivery time turned out to be more than 60 minutes. 0 handling fees at the beginning turned out to be 20 at the end, big scam.",1,Dissatisfied
229,good 👍 app very useful,5,Satisfied
230,The chat support or customer support is very poor. it's hard to talk to executive and them providing solution is even hard. you don't get to return a product even if it's defective and not working,1,Neutral
231,Zepto delivery time does not match from real time.,3,Neutral
232,"24/7 surge fees, overpriced/irregularly priced items. edit : built my order to suddenly realize no instant delivery, only some scheduled delivery for next day. pathetic.",1,Dissatisfied
233,worst ever service even in metropolitan city like Delhi Dear zepto,1,Neutral
234,"Service in Greater Noida West used to be excellent, but now it constantly shows ‘busy,’ forces scheduling, and night delivery has been discontinued. It feels like customer care dropped once you got the money.",1,Extremely Satisfied
235,good.dilvari.boy,5,Neutral
236,unbelievable free delivery packaging gud dilivery 👍👍,4,Satisfied
237,good 😊,5,Extremely Satisfied
238,good experience,4,Satisfied
239,very good everything,5,Satisfied
240,Good,5,Satisfied
241,"the worst app with worst customer support, should avoid using these apps which does not value Customer interest.",1,Extremely Dissatisfied
242,good,5,Satisfied
243,Never ever order anything from zepto after placing an order they took 2 hours for delivery even there are no option to reach out to support team,1,Neutral
244,very very disappointing app first we have to wait half an hour then we can order and in 2 min it gain goes to unserviceable worst app,1,Dissatisfied
245,"delivery person ki life ko risk me daal rhe hai ye log just for profit, aaj se pahle hum log boltey the, dnt wry you r in india, but now dnt nikal chuka hai, corporates k haath me humara khana paani pohch gya hai.",1,Neutral
246,very bad experience thay have not delivering the items,1,Dissatisfied
247,I didn't use zepto much before but practically all other apps didn't have cash on delivery available except zepto and zepto also has an incredible amount of items to buy with good delivery drivers.,5,Satisfied
248,excellent service.,5,Satisfied
249,good 👍,5,Satisfied
250,"BUG 🪲: not able to add items from tshirt section, it is first added and showing in the bottom floating bar, but when you click on the cart it is not showing any item and when coming back it is removed from bottom bar also",3,Neutral
251,thankyou,5,Neutral
252,worst experience,1,Dissatisfied
253,good,5,Satisfied
254,poor quality of product,1,Dissatisfied
255,Satisfaction,5,Satisfied
256,very bad,1,Dissatisfied
257,Always there when you need anything for your household at the last minute. Love with your service.,5,Satisfied
258,such a worst app I ordered and ordered from another mobile also they didn't even send full order and didn't return money just leave a message of return in 5-7 days,1,Dissatisfied
259,charges too much price,1,Dissatisfied
260,after payment is done no orders are sent recently today and the support staff is horrible saying the refund will be done in 7 days. After sending payment proof also. Worst experience First time. also not ready to take reorder to make payment adjustment. It's a mistake to pay them before delivery.,1,Extremely Dissatisfied
261,best,5,Satisfied
262,good,5,Satisfied
263,best quality 👌,5,Extremely Satisfied
264,zepto is very best aaap because he is very fast delivered in iteams,5,Satisfied
265,super,5,Satisfied
266,excellent service 👍,5,Satisfied
267,I ordered thing but for no reason it got cancel and full payment should be done!!,4,Dissatisfied
268,Love you I am so happy,5,Extremely Satisfied
269,didn't got what I ordered and then they changed my cart and denied the refund,1,Dissatisfied
270,"😂mai order Kiya , lekin delivery boy aa hi nhi rha , call krne pe gali de rha , ky rha phle payment kro tbb Niklu me 😂🫵🏻",1,Dissatisfied
271,very tasty foods,3,Neutral
272,sabse ghatiya app hai costomer care not responding,1,Satisfied
273,very good,5,Satisfied
274,i love this app,5,Satisfied
275,bad quality product service varest customer service,1,Dissatisfied
276,time and money saving,5,Neutral
277,valueable products,4,Neutral
278,"I thought zepto is being customer obsessed now, however it is not true, the bot they have for customer support is annoying and when they finally say we are connecting to a customer care agent a human, that is also a bot. money will be debited and order is cancelled",1,Neutral
279,"very poor experience, their customer support executives cut the call of the customer when they fail to provide a satisfactory answer. They delivered a wrong product and when i raised a complaint, the executive said the order is correct. The company executives and the CEO should seriously consider outsourcing and training their customer support team to come in terms of world-class teams like BlinkIT or Zomato. Very very poor experience.",1,Extremely Dissatisfied
280,"speed delivery, fresh products, friendly service",5,Satisfied
281,best,5,Satisfied
282,excellent service,5,Satisfied
283,Really nice app must use,5,Satisfied
284,wow 😳😲,1,Extremely Satisfied
285,good,4,Satisfied
286,not service in all over Amritsar city,1,Neutral
287,good,5,Satisfied
288,Good,1,Satisfied
289,awesome,5,Satisfied
290,Excellent service,5,Satisfied
291,nice,5,Satisfied
292,nice,5,Satisfied
293,mere pass jo order aaya h vo low quality ka aaya h jb usko khaya to tabiyat kharab ho gyi thi or jb mene complaint ki to bol rhe h ki aage se nhi aayega 😡😡🤬🤬🤬🤬🤬,1,Dissatisfied
294,good quality product and service,5,Satisfied
295,"Whenever I try to pay online, it always says it's an error and my money gets deducted and I don't get a refund. Really disappointed with how Zepto's quality has deteriorated.",1,Extremely Dissatisfied
296,good service,5,Satisfied
297,worst experience too much handling charges,1,Dissatisfied
298,never delivered the order at the right time and they don't have any supporting team,1,Dissatisfied
299,best service,5,Satisfied
300,better than other 10min delivery platforms. definitely provides offers but previously we use to get free cash but not these days ! haha but genuine app,5,Extremely Satisfied
301,fast service,5,Neutral
302,very best app with great prices,5,Extremely Satisfied
303,very nice,5,Satisfied
304,good and fast service well,5,Satisfied
305,good,5,Satisfied
306,Good Service,5,Satisfied
307,very good 😍😍,5,Extremely Satisfied
308,"today I ordered the products from the Zapto and I haven't received my order. The amazing thing is that the delivery agent updated the status as delivered without delivering and when I contacted the zepto support team they are saying that as per our system order is delivered ,so we can't process a refund. means it's a total fraud going on from Zapto or delivery agent worst service & customer support if this comment reaches the company owner this is a loop hole to action",1,Neutral
309,good sarvice,5,Satisfied
310,Good Fast Delivery Thank u 👌,5,Extremely Satisfied
311,get best price,5,Satisfied
312,delivery and return that fulfills its purpose of when you need it and assurance that its delivery partners are treated as humans not machines.,5,Satisfied
313,super,5,Satisfied
314,don't used app,1,Neutral
315,good,5,Satisfied
316,"fast delivery,,, good product",5,Satisfied
317,promt delivery,5,Neutral
318,good package,5,Satisfied
319,"Must have app, excellent customer support.",5,Extremely Satisfied
320,zepto is very good and helpful aap... I love zepto,5,Extremely Satisfied
321,🤗🤗,4,Satisfied
322,Nice,5,Satisfied
323,very nice app bast aap and bast dilvary,5,Satisfied
324,"1. Shows delivery in 18 mins, happens on 25+ mins yet showing ""on time"". 30%+ increase still keeps it ""on time"". 2. Register with 2 phone numbers at the same device you will see different prices. 3. Makes multiple deliveries with the same executive without even any mention unlike the competitor apps. 4. Forget dark patterns. Learn to live with them.",1,Neutral
325,don't purchase delivery person very rude.. and customer care girl private threading... pls don't buy it ...be safe ..,1,Satisfied
326,good delivery,5,Satisfied
327,I get less product from my last order I paid 2 pkt black paper but I get only one,1,Neutral
328,Good,5,Satisfied
329,good,5,Satisfied
330,price is high,2,Neutral
331,best service,5,Satisfied
332,so good,5,Satisfied
333,cannot see my referral code,1,Neutral
334,discount and coupon jayada ho baki sub perfect hai,5,Satisfied
335,good,5,Satisfied
336,bad,1,Dissatisfied
337,nice,5,Satisfied
338,nice,5,Satisfied
339,everything is good 👍,5,Satisfied
340,fast delivered this time al.. times,5,Neutral
341,show different price on product and bill is on original price 👎👎👎,1,Satisfied
342,good quality 😁💯,5,Satisfied
343,this is a fraud app i seriously suggest people not to buy anything here,1,Dissatisfied
344,good delivery,5,Satisfied
345,good,5,Satisfied
346,very nice app,5,Satisfied
347,poor/misleading notification strategy,1,Neutral
348,super,5,Satisfied
349,good,5,Satisfied
350,very bad send me worse poha dry like sand and were giving 50% refund. is this a joke un installed,1,Neutral
351,best price and fast delivery,5,Satisfied
352,amazing 😍,5,Extremely Satisfied
353,fast delivery and price of goods little bit cheap,5,Neutral
354,"Very Nice App, Got my order within 10 to 15 mins , Also the customer support and service is very Fast , will use the same App for further Orders .",5,Satisfied
355,they sent the wrong product and they totally denied....I trust zepto blindly.....but their service is too bad...,1,Dissatisfied
356,Thank you,5,Satisfied
357,no cash on delivery,1,Dissatisfied
358,fast and good 💯,5,Satisfied
359,Nice,5,Satisfied
360,owsome,5,Neutral
361,Good,5,Satisfied
362,very bad experience my money is not refund after 3 days,1,Dissatisfied
363,quick service,5,Neutral
364,lovvveee youuu,5,Neutral
365,"good product, delivery on time",5,Satisfied
366,ye app mat download karna bhot kharab h na refund hota h na hi order ka Saman acha aata h,1,Neutral
367,Apple service is very good and fast delivery,4,Satisfied
368,on time order,5,Neutral
369,The delivery uncle were very sweet. The delivery was super fast. Thankyou zepto for such a super fast delivery. Thankyou so much,1,Extremely Satisfied
370,FRAUD,1,Dissatisfied
371,ok,5,Satisfied
372,fast delivery,5,Neutral
373,plz humble request zepto verify the product condition and product qulity,3,Neutral
374,1 is less water 1 is full water they give me instant 1 water refund love the cocunut water,4,Satisfied
375,this is not fair,1,Neutral
376,good service,5,Satisfied
377,free delivery 100rs,5,Satisfied
378,I love zepto not just because fast delivery but smooth experience 😍 and product quality is up to mark always. Writing review after using one years,5,Extremely Satisfied
379,in hurry you can use this app👍,5,Neutral
380,👌,5,Satisfied
381,I have received expired milk packets and they are not giving the refund...pls dont download this app and the was broken...,1,Dissatisfied
382,Referral option is not available in this app,2,Neutral
383,thanks for offers,5,Satisfied
384,very good 👍,5,Satisfied
385,good delivery,5,Satisfied
386,good,5,Satisfied
387,when we order 3 to 4 items they will change for all but finally they will give 2 items with same rate adjustment,1,Neutral
388,best product 👌,5,Extremely Satisfied
389,fantastic service,5,Satisfied
390,"no idea how this app is rated above 4.5; my numerous refunds are pending, COD option is disabled due to the customer support's fault and all the orders are delayed most of the time. if there was an option to give 0 stars, i would choose that.",1,Dissatisfied
391,very bed I don't use any more... saman mangay the pese pay kar rakha tha delivery boy ne mera saman kisi or ko pakra diya .. maine complan ki to koi response hi nahi hai,1,Neutral
392,"I've ordered a lot from Zepto but my last order was not identical to what was shown on the application, I was not at my home to receive it and that's the reason why I couldn't see if the order was correct or not but the correction of order should be prioritize more then rather just delivering!",4,Neutral
393,good service 🙏,5,Satisfied
394,it is not working on oppo F17 .. app crashed after entering mobile number .. tried multiple times,1,Neutral
395,nonsense app...agaiyand again asking something . .. add perspective....do not use this app,1,Dissatisfied
396,good,5,Satisfied
397,👎,1,Neutral
398,"very disappointed,you guys are not helpful.i definitely don't want to recommend this app.i ordered items,but I didn't got untill half an hour,what kind of fraud it is. I didn't expected this from zepto,very bad😞",1,Extremely Dissatisfied
399,Good 👍,4,Satisfied
400,good,5,Satisfied
401,waste app damage products no return,1,Extremely Dissatisfied
402,good 👍 😊😊,5,Extremely Satisfied
403,Very bad service 😒😒,1,Dissatisfied
404,"Ordered 6 items received only 3, but they did not any helo, and also forcefully close the conversation. I am a premium customer shopping in zepto since a year more than 20K but they are doing scam, Neither they redelivery my missing items nor made a refund",1,Extremely Dissatisfied
405,good service,5,Satisfied
406,1 star because couldn't give less then 1 star. and this review doesn't need explanation too we all already know how bad their service is,1,Dissatisfied
407,nice 👍,5,Satisfied
408,good service,4,Satisfied
409,very good 👍,5,Satisfied
410,बहुत ही ख़राब,3,Neutral
411,Good 👍,5,Satisfied
412,very good,1,Satisfied
413,very good,5,Satisfied
414,"worst app, will you guys care to respond or give any customer support during night times for orders? im starving waiting for groceries to come , the app showing 9 mins since 1 hr, no option to customer suport, no option to cancel , had to order in Bigbasket because of this , double times im paying money , if you cannot provide customer support in mid night , why will you tell you will deliver orders at those times. just a pure panic, money waste , time waste. never ever gonna use this app. worst",1,Extremely Dissatisfied
415,", queeq delivery and delivery partner behaviour is good tqu zepto 😍 price also good 👍",5,Extremely Satisfied
416,bad for,1,Dissatisfied
417,😊 Good,5,Extremely Satisfied
418,"I have placed order endless times with zepto for my office and home in different locations in Bangalore, one thing I have noticed every time is that the delivery person always ask to pay to their bank account for COD deliveriesthey clearly say that they don't believe in company QR, some strongly disagreed and said they will cancel the delivery if I don't pay to their account and if I ask for company QR, some said they want money in their account for mobile recharge so we should pay to their a/c",1,Neutral
419,very good,5,Satisfied
420,seems not good for me.,1,Dissatisfied
421,best app,5,Satisfied
422,more variety needed,5,Neutral
423,good,5,Satisfied
424,zepto service is becoming very poor day by day..first of all they always late according to their delivery time ..And your delivery agents are very rude please give some training to them that how to talk with customers.. uninstalling this pathetic app,1,Extremely Dissatisfied
425,good app,5,Satisfied
426,Today evening on 8th Dec 2025 I had order few products along with Bumtum Baby Diapers size small which I have requested them to except as a return and park the amount in my zepto account for further purchase of diaper of another company. But neither the delivery guy nor the customer service executive helped me with the Return policy. I am stunned to find a app in existence where Return policy on unopened merchandise is possible. Dear all please donot use a app with Purchase Return policy.,1,Satisfied
427,No response from chat bot order missed,1,Dissatisfied
428,very nice,5,Satisfied
429,excellent,5,Satisfied
430,good good,4,Satisfied
431,very good,5,Satisfied
432,nice pic 😊,5,Extremely Satisfied
433,good,5,Satisfied
434,worst riders rude with senior citizens and not at all helpful with them.,1,Extremely Dissatisfied
435,good super 👌,4,Extremely Satisfied
436,ನೈಸ್,5,Neutral
437,"recently i parcel something using this app, it's showing its delivered but I didn't get the parcel, now I'm not even able to connect with the contact number that showing on My screen, even the delivery boy is not answering, after all glitch they don't even help for a refund.",1,Dissatisfied
438,Excellent job full customer satisfaction 💯,5,Extremely Satisfied
439,very good service,5,Satisfied
440,can't cancel order after placing order by mistake what kind of joke is this they don't even have the option for cancelling the order and they want you to take the order forcefully,1,Neutral
441,👌,5,Satisfied
442,good for me,5,Satisfied
443,delivery time to be as per scheduled time it will take more delivery time,4,Neutral
444,Their one minute means 20 mins. too many delays on every order.,1,Neutral
445,best,5,Satisfied
446,good deal,5,Satisfied
447,thank you,5,Satisfied
448,fast & quick delivery,4,Neutral
449,"worst experience as always, late delivery and delivery time updates are always wrong and unprofessional employees and support services as well, no proper customer support. I personally suggest other delivery apps",1,Dissatisfied
450,Good Service,5,Satisfied
451,good 👍,5,Satisfied
452,multiple bug need to get fix worst app,1,Dissatisfied
453,"Amazing app. It gives shocking discounts that make me buy everything. But there's a small issue: Even though I select no carry bag option, I always end up getting one. Please fix this. Seems like the delivery people don't know about the option I selected",4,Satisfied
454,good good,5,Satisfied
455,perfect 👍,5,Satisfied
456,sometimes good some time wrong but happy to use zepto,4,Satisfied
457,bad service order le lete hai 2 ghante tak banda aata nhi call company Wale krte nhi aap 1 ghanta robot se fix reply milta rhta hai zepto sasta saman de rha hai isliye please bach ke rhiye mera to bad experience rha ye order ke bande ko badal nhi skte 2 ghante me 7 minutes me aane ki guaranty aur dete hai...very bad service...,1,Extremely Dissatisfied
458,super,5,Satisfied
459,good 👍,5,Satisfied
460,sahi hai,5,Neutral
461,good,5,Satisfied
462,👍,4,Neutral
463,nice,5,Satisfied
464,fraud - 7 min take 45 min consistently!,1,Dissatisfied
465,why is cash on delivery is not available because I am not using Gpay,1,Neutral
466,"Pumpkin is damaged and they covered by sticker to hide the damage part , this is not right zepto you broke our trust",1,Dissatisfied
467,nice,5,Satisfied
468,unnecessary delays in delivery. and wrong delivery timings shows in app every time you place the order then you try to reach out to them and a bot answers same thing again and again,1,Dissatisfied
469,Good going,5,Satisfied
470,packing always very bad,3,Dissatisfied
471,it's very nice,5,Satisfied
472,Full quality product are here,5,Neutral
473,best app,5,Satisfied
474,Now a days zepto is not delivering item on there schedule time.,1,Neutral
475,excellent service,5,Satisfied
476,good,5,Satisfied
477,ok,5,Satisfied
478,very High delivery charges,5,Dissatisfied
479,most of the time when I try to order it shows service unavailable,1,Neutral
480,"Zepto stopped giving paper bags all together even after unchecking the ""I don't need a bag"" option. Everything else is pretty much fine, however not sure about this discrepancy of not giving bags even after proper instructions. It's already happened thrice to me.",3,Satisfied
481,nice,5,Satisfied
482,good service,5,Satisfied
483,Best,5,Satisfied
484,good,5,Satisfied
485,best,5,Satisfied
486,very good 👍,5,Satisfied
487,Worst platform no support to customers even when complaint raised on the product quality within 5 mins of receiving the product. zero customer Focus. Thanks for making one of my days as a bad one.,1,Extremely Dissatisfied
488,"not able to signin.otp is not getting sent.Inspite of mailing with the screenshot,the support team can't even identify the issue let alone resolving it. Pathetic support.",1,Satisfied
489,"I regret using Zepto poor return policy and zero customer support not recommended, worst return experience. Zepto simply doesn’t accept returns even for damaged/wrong products. Very disappointing service.",1,Dissatisfied
490,good,5,Satisfied
491,good,5,Satisfied
492,good,5,Satisfied
493,cupen is not included,1,Neutral
494,good,5,Satisfied
495,products are expired...😡😡,1,Neutral
496,Excellent 👌👌👌,5,Extremely Satisfied
497,poor customer service.. the deliver less item.. if we try to complaint there is no support.. only mail n no response from them.. never buy from zepto,1,Extremely Dissatisfied
498,good service done 👍✅,5,Satisfied
499,good,3,Satisfied
500,this is very nice app I this is very super appreciate this app ❤️,5,Extremely Satisfied
501,koi bhi is app ko use hi mat kro...chor kahi ke pripade order khud cancel krte h or fir pese return krne ke nam par sirf app me successful show krte h,1,Satisfied
502,good,5,Satisfied
503,yall have really bad management 🤡,1,Dissatisfied
504,I can't delete my account,1,Neutral
505,"Horrible experience with Zepto. I had ordered two beverages from Zepto cafe. At the time of delivery there was a spillage issue with both the items, therefore I refused to accept the order. I got a call from their customer care asking for the reason for not accepting the order, I explained it to the support staff and she told me to place a fresh order. I tried placing a fresh order but was shocked and disappointed to find out that the COD option was disabled for no fault of mine.",1,Dissatisfied
506,👍,4,Neutral
507,good but cashback scam,4,Dissatisfied
508,Initially I felt it was a saviour. But my recent experience has compelled me to criticize this app. The app doesn't have a customer care number for any resolution of the problem and the AI generated responses are of least help. On 5th December I had ordered a few things and it was the pre-paid order. however one of the items was damaged so I returned the order. it has been over 3 days since I've still received my refund.,1,Extremely Dissatisfied
509,good,5,Satisfied
510,good response,5,Satisfied
511,good,5,Satisfied
512,fast delivery,5,Neutral
513,good,5,Satisfied
514,good,4,Satisfied
515,fastest delivery app,5,Neutral
516,"worst products, not running a business but doing fraud with people...urging to not buy any product from zepto. They take money and deliver rotten product...",1,Extremely Dissatisfied
517,no new coupons,3,Dissatisfied
518,bread bakvas please check and send quality not good for,1,Neutral
519,great quick commerce services,5,Satisfied
520,good,5,Satisfied
521,good,5,Satisfied
522,"Worst not available in northern cities of Kerala, even in Calicut",1,Dissatisfied
523,delivery boy took from me extra money really my amount was 182 and he talk 464 that's the reason I'm giving one star rating,1,Dissatisfied
524,"I ordered something and paid online, but didn't receive the order, and customer service isn't helping either."" worst app ever",1,Satisfied
525,useful items,5,Satisfied
526,good,5,Satisfied
527,Ami sob somoy zepto te oder kori ata darun akota app akhane sob kichu motamoti paoya jai khub valo akota app sarvice o khub valo,5,Dissatisfied
528,delivery fast carry bag extra charges noMal Sahi nahin dete Hain Saman bahut hi bekar hai,1,Dissatisfied
529,nice,4,Satisfied
530,Good experience,5,Satisfied
531,Increasing prices of frequently buying items 🤬🤬🤬🤬🤬🤬🤬🤬🤬🤬🤬🤬🤬🤬🤬🤬🤬🤬🤬🤬🤬 Never going to buy anything unless you keep the price normal 🤬🤬🤬🤬😡😡😡😡😡😡😡😡,1,Neutral
532,very fast delivery good thank you,5,Satisfied
533,Frequent you can face missing items and ask to raise refund. no proper explanation from customer service,2,Dissatisfied
534,bad experience from zepto.,1,Dissatisfied
535,zepto is the Best app to use for us and thank you so much for this app,5,Extremely Satisfied
536,good,5,Satisfied
537,It was a very bad experience The delivery was not delivered but it was showing that it was delivered i had a very bad experience with this app,1,Extremely Dissatisfied
538,very fast delivery and good service,5,Satisfied
539,wow,5,Satisfied
540,good,5,Satisfied
541,good service zepto,5,Satisfied
542,Excellent 👌,5,Extremely Satisfied
543,good👍,5,Satisfied
544,good,5,Satisfied
545,fast and best price,5,Satisfied
546,good but no packaging given,4,Neutral
547,good,5,Satisfied
548,super and fresh vegetables,5,Satisfied
549,💕 nice 👍,5,Extremely Satisfied
550,good service,5,Satisfied
551,very low price in the app,5,Dissatisfied
552,good,5,Satisfied
553,very bad................,1,Dissatisfied
554,zepto is amazingly efficient and great price and good quality. i have stopped using all other apps for delivery ever since i started using zepto. i use to prefer Blinkit earlier but after zepto Blinkit is out and is only used when items in Zepto are Not available well done Zepto. please keep up the good service and reliability.,5,Extremely Satisfied
555,very fast delivery,5,Neutral
556,nice.,5,Satisfied
557,happy to have you,5,Satisfied
558,very nice app,5,Satisfied
559,baddd,1,Neutral
560,nice service,5,Satisfied
561,After I paid my order online and my order packed the delivery partner riding somewhere else I haven't received my order. Worst experience it's not recommended for anyone to go ahead and buy a nearby shop.,1,Dissatisfied
562,Worst aftersale service,1,Dissatisfied
563,good service,5,Satisfied
564,itana notifications bhejta hai... utana agar order bhejna shuru kar de... to COMPANY PROFITABLE HO JAAYEGA SAMJHAAAA RE?,1,Satisfied
565,y app is not working sudden I want to talk to the owner of the zepto shop,1,Neutral
566,"Zero Star Zepto Always Manipulate In Gram, Har bar kam gram deliver karte hai me photos bhi uplod karta hu par vo refund nahi karte aur exchange bhi nahi karte.",1,Neutral
567,this application offer doesn't have any stand in case of payment failure. They remove the offer and the user can't get that offer back,1,Dissatisfied
568,Thank you zepto,5,Satisfied
569,first time user. good experience. will use it again.,5,Satisfied
570,good,5,Satisfied
571,good 👍,5,Satisfied
572,nice app,5,Satisfied
573,good app,5,Satisfied
574,this app has no customer service for any kind of enquiry seriously?? I just placed an order & my payment was shown successful from my side with all bank statements and transaction IDs but it says faid in the app and asked me to pay online while delivery somehow a person called me to talk and literally cut off while I was talking to them in the middle of conversation is this how they respect their own customers? such disgusting immature behaviour I wonder if someone even cares about this review,1,Satisfied
575,बहुत अच्छा है,5,Neutral
576,good 500good,5,Satisfied
577,it have me good experience in the first order loved it,5,Extremely Satisfied
578,Don't like the interface plus there is no option to cancel order within 2 minutes of ordering it,1,Dissatisfied
579,wrong products delivering Booked a Medium size M But received a small size,1,Dissatisfied
580,fast delivery and delivery at home,5,Neutral
581,nice,5,Satisfied
582,"Very high price in product Those who buy more goods, they sell the product at a higher price. These people give it to new users at a cheaper price and later charge an overpriced price.",1,Neutral
583,nice app,5,Satisfied
584,"good quality, fast service, affordable price",5,Satisfied
585,vary good,5,Satisfied
586,best service,5,Satisfied
587,very nice,5,Satisfied
588,nice app 👍👍,5,Satisfied
589,pay was unsuccessful whan i do online,4,Dissatisfied
590,Not Tasted.so they sell low price,1,Dissatisfied
591,Best,5,Satisfied
592,always Better than blinkit,5,Satisfied
593,very good,5,Satisfied
594,awesome,5,Satisfied
595,good service,5,Satisfied
596,"good service, keep it up, but one thing rate is little bit high, compare to DMART.",5,Neutral
597,initially it was good experience... recently my order got cancelled and I claimed for refund..it's been two weeks no response.. worst experience..,1,Satisfied
598,"I always prefer zepto as I my first choice but the issue i recognised is previously I've added few items in cart and left it. later I opened after few days and clicked on cash on delivery by mistake instead of clearing my cart, I dint have any option to cancel my order even within frac of sec. It had an option to modify the items but it's not allowing me to change then what's the purpose of having that option. what incase if customer order a costliest product by mistakenly???",3,Extremely Dissatisfied
599,good price for product & quick delivery,5,Satisfied
600,Thes is good working,5,Satisfied
601,"yesterday I orderd sagar ghee and I think it's fake it's quality is so different then I buy from amul store it's packing is different even there is no bharat sarkar symbol which has to be there and prices are also high , tin was leaking also it was also 6 months older packed tin",1,Dissatisfied
602,this app is very well,4,Satisfied
603,super,5,Satisfied
604,lowest price,5,Dissatisfied
605,do bar Mera payment fail hua,2,Dissatisfied
606,very bad,1,Dissatisfied
607,zepto is best,5,Satisfied
608,good 😊,5,Extremely Satisfied
609,"Pathetic Service. Would be great if Zepto steps into its own market with competitors like BigBasket or DMart, because this service is false and cannot deliver as promised. This latest move to deliver items at MRP is not a successful move. There is no point in using Zepto. It can never compete with Blinkit or Instamart. Uninstall the App NOW.",1,Dissatisfied
610,good,5,Satisfied
611,nice,5,Satisfied
612,not time on orders in night,1,Neutral
613,such a bad service. it's gives a big disappointment from last half hours I booked my order but its still showing in 6 minutes your order will arrived 🤬🤬,1,Dissatisfied
614,good service 💯,5,Satisfied
615,it gives best offer only in our first 2 or 3 orders,1,Satisfied
616,suppperrrrrr,5,Neutral
617,nice 💯,4,Satisfied
618,very nice,5,Satisfied
619,good,5,Satisfied
620,Good,5,Satisfied
621,this is so useful app for emergency I love this aap 🤍,5,Satisfied
622,good,5,Satisfied
623,"service support is very very bad, especially with irritating bot. tagline should be a 1 hour delivery app!",1,Dissatisfied
624,good 👍,5,Satisfied
625,👍🏻,5,Neutral
626,poor don't use this app I recently purchased a projector the quality was poor.when i try to contact executive they tell we can't replace or refund.they don't hear my complaint fully..they end chat immediately..poor app,1,Dissatisfied
627,nice,5,Satisfied
628,Service All Area Ma Chalu karo,1,Neutral
629,good service,4,Satisfied
630,good,5,Satisfied
631,nice 👍🙂,5,Satisfied
632,got cheap quality product and not giving my refund...,1,Dissatisfied
633,fast delivery and good quality,5,Satisfied
634,very good service and fast delivery,5,Satisfied
635,good 👍,5,Satisfied
636,refral cod option not showing,1,Neutral
637,excellent service,5,Satisfied
638,super,5,Satisfied
639,thanx,5,Neutral
640,so sweet,5,Satisfied
641,good timing dilevery,5,Satisfied
642,when I try to order at evening time it always unavailable because of heavy traffic and say wait 4 15 minutes but that's show continuously and unable to delivered.,1,Neutral
643,fast services,5,Neutral
644,zepto provide best price v. less than big basket and flip kart,5,Satisfied
645,love you baby,5,Satisfied
646,don't download this app once you paid money can't get refund I will never use this app 🤬,1,Neutral
647,good,5,Satisfied
648,good 👍,5,Satisfied
649,Disgusting... They claim themself as 15 minute app but now we have to schedule and even after scheduling can't receive the order... (after waiting for hours) and on top of all we get ai slop when we ask for help,1,Satisfied
650,excellent 👌,5,Extremely Satisfied
651,price jyada hai kisi ke kam fi r bhi think hai,4,Neutral
652,very good app,5,Satisfied
653,Best in market,5,Satisfied
654,great,5,Satisfied
655,third class customer support aur usse bhi jhatugiri ye ki 10 rs se order delivery karne ka,1,Satisfied
656,"delivery Man very very nice 👍 behaviour ,I am very happy for that and best wishes for him 🍫🍫👍",5,Extremely Satisfied
657,nice service,5,Satisfied
658,delivery is late,2,Neutral
659,we are receiving first copy products i have ordered a reebok cap and I got it from a different website,1,Neutral
660,third class service,1,Neutral
661,good response and fast delivery,5,Satisfied
662,VERY STUPID APPLICATIONS FOR ORDER CANCEL OPTION IS NOT AVAILABLE,1,Dissatisfied
663,"Speed and Convenience: Many users appreciate Zepto's rapid delivery times, often in under 10 minutes, facilitated by strategically located ""dark stores"".",5,Satisfied
664,delivered just in time as expected,5,Neutral
665,good,5,Satisfied
666,increase the range of your service plssssssssssssssssssssss my house is just 500M outside your service zone.,3,Satisfied
667,Good Product 👍,5,Satisfied
668,nice work,5,Satisfied
669,very ast service they didn't give refund or exchange option and also the customer care are also very bad so use blinkit it is better than this rediculous app,1,Satisfied
670,Good one,5,Satisfied
671,"Hi, few days back I ordered some vegetables where in 500gms of carrots I got only 2 small carrots and the packet was open, cucumbers were soggy, beetroots were spiled from inside. Today I ordered some product, the pack was torn and open. Even the packet was very dirty. Didn't expect this from zepto",1,Dissatisfied
672,Mena apne last order return ker diya but abhi tak mera amount refund nhi huwa customer support very bad experience,1,Dissatisfied
673,I love it 😍,5,Extremely Satisfied
674,amazon pay se payement karne per 50 cashback kab tak aayegya batao,4,Neutral
675,good service,5,Satisfied
676,very good,5,Satisfied
677,worst app very bad service,1,Extremely Dissatisfied
678,"Hello Zepto Team, I received a cat food product whose manufacturing/expiry date printed on the packet is valid, but the food inside was spoiled/expired. After eating it, my cats started having loose motion and vomiting, and the food had a bad smell, which clearly shows it was not safe for consumption.",1,Extremely Dissatisfied
679,the delivery should not be given to cycle boy. It should be given to motorcycle delivery boy,2,Neutral
680,so nice 👍,5,Satisfied
681,fast and best helpfull service,5,Satisfied
682,I ordered milk and it was leaking instead of a replacement they offered a refund....what's the use of it if we want things and getting a refund....they told me to order again but the small cart will have delivery fees...third class app....have changed now unlike beginning,1,Neutral
683,so good,5,Satisfied
684,Good,4,Satisfied
685,zepto is very use ful to us but not take my order plese solve my problem and zepto is very good and very fresh delivery and lowest price,5,Satisfied
686,app does not open 😔,3,Neutral
687,very waste app... I nevermind seen .. very dad customer service. please 🙏 don't buy anything. please us another app..,1,Dissatisfied
688,Bhai hum bhi bahar nikalne de... kittna tezz hai tu..😁,4,Satisfied
689,I have paid the amount through online but it it showing refund is initiated.Then I contacted customer care service they said you show your phone pe paid message but when I told delivery boy he said it is not showing in his app .how must pay the amount better you refund my amount.,2,Extremely Satisfied
690,super,4,Satisfied
691,Highly recommend this app.,5,Satisfied
692,no carry bags,3,Dissatisfied
693,bad packing 2ites are leaked,3,Dissatisfied
694,good,5,Satisfied
695,wow nice app,5,Extremely Satisfied
696,nice app.,5,Satisfied
697,good,5,Satisfied
698,I m for service,5,Neutral
699,delay partner always,1,Dissatisfied
700,super,4,Satisfied
701,great platform 👍,5,Satisfied
702,Thanks for this masterpiece,5,Extremely Satisfied
703,good,5,Satisfied
704,wow,5,Satisfied
705,good,5,Satisfied
706,good,4,Satisfied
707,should deliver product with CARRY BAG.,4,Neutral
708,wow,5,Satisfied
709,good 😊,5,Extremely Satisfied
710,do not order anything from this aap worst online delivery aap.,1,Dissatisfied
711,very good zepto,5,Satisfied
712,price products delivery so good,5,Satisfied
713,it shows cart is unserviceable since 2 yr,1,Neutral
714,good,5,Satisfied
715,Don't help when need,1,Dissatisfied
716,good service,5,Satisfied
717,Good Service & Kwality,5,Satisfied
718,All most okay,5,Satisfied
719,good delivery,5,Satisfied
720,timely response,5,Neutral
721,good,5,Satisfied
722,nice,5,Satisfied
723,fast delivery app,5,Neutral
724,best app,5,Satisfied
725,zepto mangament is very bad 👎...I wanted to return my items but they are not allowing to return bcoz of nonsense policy,1,Dissatisfied
726,the bring stuff without any paper bags,1,Neutral
727,fast and reliabel,5,Neutral
728,super fast,5,Satisfied
729,super,5,Satisfied
730,good aap,5,Satisfied
731,good,5,Satisfied
732,good,4,Satisfied
733,good,5,Satisfied
734,location problem,1,Dissatisfied
735,Very bad app. I received stale and old food that had bad smell and taste. I mailed to them and asked for a refund. But they did not refund my money even after multiple enquiries. So I will never order from this app again. Be aware.,1,Dissatisfied
736,good service 💯,5,Satisfied
737,very nice service,5,Satisfied
738,zepto is the worst app in case of delivery the delivery boy was so rude with me for no reason as if id commitment a crime is this how u treat a customer ig these people r hiring goons instead of normal people,1,Extremely Dissatisfied
739,nice,5,Satisfied
740,perfect time delivery,5,Satisfied
741,👍,5,Neutral
742,A very useful app indeed! Price of the products are reasonable compared to other apps. Time is very punctual ❤️ 100% recommended,5,Satisfied
743,super,5,Satisfied
744,it takes more time for delivery.,1,Neutral
745,Thank you fast delivery and best price for all products.,5,Extremely Satisfied
746,good,5,Satisfied
747,very good and fast service,5,Satisfied
748,"A perfectly, managed E-comm platform, and great brands and always on time. Courteous delivery representatives.",5,Extremely Satisfied
749,great,5,Satisfied
750,"It is cancelling order after taking the payment, after contacting customer support they are not responding and aren't refunding. Neither I got my order nor payment, I'll not order again ever.",1,Neutral
751,very good,5,Satisfied
752,good,5,Satisfied
753,good,5,Satisfied
754,fast delivery good experience,5,Satisfied
755,I had a very bad experience with Zepto.they had cancelled my COD(cash on delivery)option for no reason. If there was an option of zero stars I would give zero stars !!!! I did not expect this from Zepto.,1,Extremely Dissatisfied
756,quick and satisfying,5,Satisfied
757,"best app ever ,",5,Satisfied
758,good,5,Satisfied
759,fast delivery good product,5,Satisfied
760,good,5,Satisfied
761,not check product quality,1,Neutral
762,best best of Best,5,Extremely Satisfied
763,Emagency its help,5,Satisfied
764,very very nice and useful,5,Extremely Satisfied
765,super,5,Satisfied
766,nice,5,Satisfied
767,what a disgusting behavior....my first order experience is disgusting.. packaging are broken....very disappointed..i ordered icecream 1L but the box is broke..,3,Extremely Dissatisfied
768,payment dismiss dekha raha h aur paise pay ho gye h bekar aap h fraud h ek no. ka pls use care fully payment dismiss dekha kar paise kat liye aur product bhi nhi aya,1,Neutral
769,good 👍👍,4,Satisfied
770,good product,5,Satisfied
771,"Most useless support, ask a question keeps saying the same thing over and over again. not sure if it's Ai gen or actual people but no proper response at all.",1,Dissatisfied
772,good fast delivery,5,Satisfied
773,scammers,1,Neutral
774,mapping should be more good and promising,4,Satisfied
775,"I ordered a 480g of top ramen noodles packet and it was delivered to me and firstly the delivery was not good enough and the noodles were also broken inside, I'm so disappointed now zepto such a shame",1,Extremely Dissatisfied
776,zepto rider k liye bhut he badsaluki kara h or 6month m bhut km pesa kr deya h bdane ke jgha km kr rha h,1,Neutral
777,"Good, fast delivery",5,Satisfied
778,worst delivery app. last night i ordered food product from zepto. they have promised to deliver in 18 minutes but i haven't received my product even in an hour then they asked me to cancel the order...,1,Dissatisfied
779,froud app....hold kar diya h mera account...saalo unhold karo mera account,1,Neutral
780,bakwass app h zepto....saalo ne mera account hold kar diya h or usme 7895 rupee use less ho gye h mere,1,Neutral
781,"I always order from Zepto. I’ve also tried Zepto Café — it’s a must-try, 10 out of 10. The delivery is really fast.",5,Neutral
782,Great,5,Satisfied
783,okay good,5,Satisfied
784,good,5,Satisfied
785,very good,5,Satisfied
786,best eCommerce app ever,5,Satisfied
787,good job,5,Satisfied
788,super k,5,Satisfied
789,very good,5,Satisfied
790,I hate this ap bcz location pr aata hi nhi h or cash on delivery nhi h,1,Dissatisfied
791,"I’m extremely happy with Zepto and how consistently reliable it is. Their delivery speed is incredible — orders arrive within minutes, and the convenience it adds to daily life is unmatched. Even if something goes wrong, the refund process is super quick and hassle-free, which builds a lot of trust. Their customer care team is also excellent, always polite and quick to resolve issues. Plus, Zepto offers a wide range of products at really good prices, making it my top choice for shopping. Overal",5,Extremely Satisfied
792,good,5,Satisfied
793,zepto♥️♥️♥️♥️,5,Extremely Satisfied
794,good app,4,Satisfied
795,wow 😳,4,Satisfied
796,good 👍😊,5,Extremely Satisfied
797,fast delivery,5,Neutral
798,We recently mistakenly paid twice for an order & on telling Zepto the amount was refunded IMMEDIATELY !,5,Dissatisfied
799,good,5,Satisfied
800,very fast delivery. useful.,5,Satisfied
801,Please FORCE your delivery boys to wrar a helmet at least while going for a delivery & not just put a helmet but to STRAP it up properly.,5,Neutral
802,good but kabhi kabhi bahut late delivery hoti hai,5,Neutral
803,good work,5,Satisfied
804,"Suddenly, the cart shows as unserviceable.",1,Neutral
805,the prices are very high ans got scam too,2,Dissatisfied
806,very good,5,Satisfied
807,good,5,Satisfied
808,it's is good but ..time is not right fir delivery,5,Neutral
809,good 💯,4,Satisfied
810,wow,5,Satisfied
811,"unsatisfactory customer support, Bread was delivered after 7 days of expiry, when complain is raised, they revert as reimbursing ₹55 but I want third party inspection as it is a consumer right, what is a procedure for that? i asked the same from customer support. they just raised the refund and closed the thread without my concent.",1,Extremely Satisfied
812,very helpful,5,Satisfied
813,isse ghatiya company koi nahi hai na hi inke pass customer support order hamesha late or uspar bhi koi customer ki sunvayi nahi inke diye 5 ya 10 rs ke laalach m fasne se acha khud jaake samaan le aao bhut hi jayada ghatiya,1,Satisfied
814,"This is a fraud company. I ordered a product and made online payment for it, then due to collusion between the company and the delivery boy, I was given an open and used product.I complained to the company's customer care but they neither refunded me nor changed my product. I would suggest you never to trust the zeppto or order the product by making online payment. Even if you have ordered, first check whether the product is packed or not and only then make the payment.",1,Dissatisfied
815,"In the swiftly evolving realm of e-commerce, Zepto emerges as a dominant force, swiftly surpassing giants like Swiggy Instamart, Blinkit, Amazon, and Bigbasket. Gone are the days when I ventured into the marketplace for my daily groceries; now, Zepto seamlessly meets my needs with unparalleled efficiency. Their exceptional customer service fosters unwavering trust, encouraging me to purchase more without hesitation. Truly, Zepto is revolutionizing the game.",5,Extremely Satisfied
816,🧡,5,Satisfied
817,Though prices are more or less good but the business tactics they are pursuing is discriminatory. I say this because for the same location and same product they show different prices and offers are also very different for both the users.,2,Neutral
818,nice,5,Satisfied
819,good,5,Satisfied
820,👌nice,5,Satisfied
821,very good on time 👍,4,Satisfied
822,Best app,5,Satisfied
823,Very Fast Delivery,5,Neutral
824,Well Ontime 👍,5,Satisfied
825,good 👍,5,Satisfied
826,"fast delivery, no extra charge",4,Dissatisfied
827,excellent service,5,Satisfied
828,"I would want to rate higher because they sometimes provide very cheap groceries and fresh items, but they frequently don't match timings as they stand (10-minute grocery app) which doesn't seem to be correct, they do delivery in 30-40 minutes some times and that accounts for 70% of the time.",1,Neutral
829,fast and good service,5,Satisfied
830,supar,5,Neutral
831,best quality 😜,5,Satisfied
832,Excellent Service,5,Satisfied
833,"ekdam ghatiya aap hai har items ke Selling price over charged hai or hidden charges alag de do, or mujhe ye samajh nahi aata ki platform fees kis baat ki hai jabki ise banaya hi users ke liye hai",1,Dissatisfied
834,product quality is best.service is very good 👍,5,Satisfied
835,good 😊😊😊👍👍👍,5,Extremely Satisfied
836,best service,5,Satisfied
837,wrong product,1,Dissatisfied
838,ok,5,Satisfied
839,Sk General Store 2703 chooti baradari ballimaran chandni chowk zepto is so good 💯,5,Satisfied
840,Best services,5,Satisfied
841,very good,5,Satisfied
842,not service able 😭😭,1,Dissatisfied
843,wow,5,Satisfied
844,good,5,Satisfied
845,Zepto delivery so nice and fast,5,Satisfied
846,Nice experience,5,Satisfied
847,good service 👍🏻,5,Satisfied
848,osmm,5,Neutral
849,super order,5,Satisfied
850,good hi,5,Satisfied
851,Good public service,4,Satisfied
852,All items are good 👍👍👍👍👍👍👍👍 zepto is best fast delivery source,5,Extremely Satisfied
853,good service very super fast delivery,5,Extremely Satisfied
854,"The inventory wasn't updated due to which after placing the order for 3 items, one of them was out of stock and the amount of it was refunded. After contacting the customer service right away before the order being dispatched and telling the representative 9 times that i do not want the order, I was only getting generic bot like responses from a live agent. after asking multiple times for a supervisor a finally got hold of one. This is the worst customer service ever.",1,Dissatisfied
855,good 👍,5,Satisfied
856,Very worst app,1,Dissatisfied
857,good,5,Satisfied
858,good test and good dilivery boy,5,Satisfied
859,over all everything is good but there is a problem whenever I try to order it shows (cart is unavailable) so we have to wait around 24 hours or 2 to 3 days so yeah plz try to fix it,4,Satisfied
860,there delivery riders are rude,1,Dissatisfied
861,good work 👍,5,Satisfied
862,good sarvice,5,Satisfied
863,Zepto supply wishing it groww,5,Neutral
864,very good service,5,Satisfied
865,good,5,Satisfied
866,fastly delivery 👍,5,Neutral
867,good,5,Satisfied
868,nice 👍🙂,5,Satisfied
869,"Worst service, always faced delivery issues either they won't deliver on time or they deliver damaged product, it will keep showing 10 min delivery time for 20 min and there won't be any explanation until we request support, this has happened to me for the last three orders, bye I am quitting this app.",1,Dissatisfied
870,No offers nothing,2,Dissatisfied
871,"""I'm really disappointed with Zepto. It always shows ‘can’t service this location’ and there’s high surge pricing most of the time. Now they’ve also stopped providing midnight services. At this point, the app feels useless. I recommend switching to other delivery apps instead.""",1,Dissatisfied
872,Very fast service good service,5,Satisfied
873,worst app,1,Dissatisfied
874,good delevery boy,5,Satisfied
875,zepto 10 min good,3,Satisfied
876,"zepto I don't get the correct product from Kali, it is defectivevery bad experience",1,Dissatisfied
877,super,5,Satisfied
878,getting delivery after 1:23 min,1,Neutral
879,very good app 👍,4,Satisfied
880,free cash disabled since last 1 year,1,Satisfied
881,good service,5,Satisfied
882,GOOD,5,Satisfied
883,quality issue,3,Neutral
884,good,5,Satisfied
885,love it,5,Satisfied
886,every time I tried to place the order it show's cart is unserviceable... and after add the product in cart suddenly shows out of stocks whinthin a second...,2,Neutral
887,good experience with zepto🫶❤️timly delivery♥️good behave 🙌from delivery executives🙌♥️,5,Extremely Satisfied
888,good product,5,Satisfied
889,excellent,5,Satisfied
890,yummy 😋😋😋😋😋,5,Satisfied
891,super,5,Satisfied
892,very helpful,5,Satisfied
893,very nice,5,Satisfied
894,very good offer zepto thank you,4,Satisfied
895,"this app has become very unprofessional,I am uninstalling it for good it is automatically changing the price with difference of hundreds on any product at checkout and not even notifying the customer their chat agents are mostly robots/ AI ,They will give automatic insensitive reply and can't help in any way I had stopped using it before,but again I thought things might have changed,but they are worse,switch to swiggy better",1,Neutral
896,good quality and time to deliver,5,Satisfied
897,CaRT iS uNserViCeAble all day long.,1,Neutral
898,"I wanted to give it a 0 star but there is no option. Their delivery estimated time is horrible. If you cannot deliver the goods in estimated time, then close your company. You give wrong info in your app.",1,Extremely Dissatisfied
899,good,1,Satisfied
900,"I did not had a good experience first of all it ain't delivering at my home like at my apartment the location is not available, so I did order at my friends house and the driver was so rude to her and the items were missing and it mostly never takes cash but it did that one time and surprise the items were missing we told the driver and he still wanted the full amount but we still paid the half amount",1,Dissatisfied
901,very fast delivery,5,Neutral
902,good service,5,Satisfied
903,very nice,5,Satisfied
904,good,4,Satisfied
905,thanku,5,Neutral
906,fake products are selling,2,Dissatisfied
907,they delivered quickly,5,Neutral
908,very neet and very fresh.. fast delivery,4,Satisfied
909,good,5,Satisfied
910,please give me offer cash back,5,Satisfied
911,awful experience with zepto .....worst app and worst delivery management..i ordered some products first it showed me it will be delivered within 20 minutes.. 1 hr passed now the AI support service asked me to cancel my order due to no delivery partner then why to take order first. ...its been more than month still the money is not refunded yet worst app,1,Extremely Dissatisfied
912,Very good and fresh products with friendly staff and cheapest rate,5,Extremely Satisfied
913,low prices then other app. nice products,5,Neutral
914,to good 😊 excellent 👌🏻 thank you 😊 for fast delivery 👍🏻 good product 😀,4,Extremely Satisfied
915,good,5,Satisfied
916,Faltu and useless application,1,Dissatisfied
917,very nice.apps .good food,5,Satisfied
918,awesome service,5,Satisfied
919,very good,5,Satisfied
920,By mistake Order kiya hua Product Exchange deny karte hai.,1,Dissatisfied
921,without eating they expect us to rate so here is my rating,1,Neutral
922,yaa I like it's fast service,5,Satisfied
923,Cool,1,Satisfied
924,delivery late h bs,3,Neutral
925,nice,5,Satisfied
926,"I think the app is improved very much now . The apps takes no handling fee or delivery fee , over orders of ₹99. And 1 special thing that , prices are low compared to the product's M. R. P.",5,Satisfied
927,not working...Niether login works nor app works in guest mode.,1,Neutral
928,app has shown option of 3 days exchange but customer care is denying... bad customer service and fraudulent listing of products,1,Extremely Dissatisfied
929,surat me katargam to h nhi,1,Neutral
930,verry good service & cammon oder option & Fast delivery Big discount pr oder,4,Satisfied
931,nice app. very useful. very fast service. thanks,5,Extremely Satisfied
932,"As per my requirements I think it's better than others in every expectation. Thanks Zepto. Today (6-dec-25) I am very much disappointed to see that your app is not working, tried many times but only one msg pops Ooh something went wrong.",4,Dissatisfied
933,Doing cheeting with costomer giving extra charges,1,Neutral
934,very late and Bad Delivery..,4,Dissatisfied
935,Darbhanga-846004 (Bihar) me kab aaoge..?,5,Neutral
936,Prices are high even in malls it's lower making us fool saying that here are the lowest prices I'd prefer going to mall and buy items,1,Extremely Dissatisfied
937,بہتر ہے ماشاءاللہ مناسب وقت پر مناسب قیمت پر مطلوبہ اشیاء گھر بیٹھے مل جاتے ہیں,5,Neutral
938,"good job,👍🤩",5,Satisfied
939,10 item order krne par bhi bag nhii dete kese pakad ke leke jaye,1,Neutral
940,good Taste,5,Satisfied
941,wonderful service Exact time delivery must buy from zepto 🍝,5,Satisfied
942,Saviour of the last moment needs.,5,Neutral
943,good,5,Satisfied
944,very nice fast delivery good,5,Satisfied
945,over all good. and recommend to all,5,Satisfied
946,very nice,5,Satisfied
947,"worst experience, don't install this app & the main bigger thing is customer support worst, I was supposed to buy one product in zepto, i got a fake product and I complained to the zepto they didn't take any action, instead of rude behaviour my kindly request is that it doesn't install this app worst zepto worst zepto worst zepto",1,Extremely Dissatisfied
948,best,5,Satisfied
949,no detect the location,1,Dissatisfied
950,Good no hidden cost. And very quick delivery.,5,Neutral
951,ekdam kharab hai costmer support order bhi nhi dete thik se 1 ghanta hone ke bad khud order cancel karte hai or paise bhi jaldi refund nhi dete ekdam kharb experience,1,Dissatisfied
952,super 😊,5,Extremely Satisfied
953,very good 😊,5,Extremely Satisfied
954,👍😊,5,Satisfied
955,Most third class app,1,Neutral
956,dispointed zepto,1,Neutral
957,bring back zepto cafe,5,Neutral
958,good,5,Satisfied
959,"This is a scam. Money deducted but zepto says they did not receive it. says to wait 7 days, like I am going to remember after 7 days to check all my transactions.",1,Neutral
960,fast delivery and good quality,4,Satisfied
961,very good keep it malkajgiri zepto thank q 💯👌😇🤝,5,Extremely Satisfied
962,very nice app,5,Satisfied
963,good h,4,Satisfied
964,Good.,5,Satisfied
965,👍👍,5,Neutral
966,unbelievable Super Store Zepto,5,Satisfied
967,very Fast,5,Neutral
968,excellent service good behavior of delivery associate.,5,Extremely Satisfied
969,"I had ordered using my Sodexo pluxee card, the zepto store is literally 250m from my house, they won't deliver my item at all.. It has happened twice now in a span of a week, once I cancel my order the money is not returned too... my thousand rupees are stuck for 5 days now... I am never using zepto again.. and the worst part is there is no customer support... it is the worst .. hope ur IPO crashes by 90%",1,Extremely Dissatisfied
970,very bad app not working app,1,Dissatisfied
971,pathetic experience. the 10 min delivery promise is just a sham. horrible assistance. blinkit is far better. I placed same orders on both apps at the same time. blinkit delivered within 10 mins while zepto is still packing the order after 30 mins,1,Dissatisfied
972,good,5,Satisfied
973,good👍,5,Satisfied
974,nice,5,Satisfied
975,unable to refer my friend. no option coming,1,Satisfied
976,good,5,Satisfied
977,fast delivery 🚚 hai nice work good product,5,Satisfied
978,super,5,Satisfied
979,I order one pack of kinderjoy it took 1 hour and above to delivery. very worst it's not the first time they delivery late.,1,Dissatisfied
980,It's too fast and Responsive,5,Satisfied
981,not good,3,Dissatisfied
982,Very good,5,Satisfied
983,good 👍,5,Satisfied
984,worst app out of all the grocery delivery apps the payment always fails and then need 5-7 days to get refunded and some times doesnt even refund would rather pay extra on other apps than to trust this garbage again,1,Dissatisfied
985,very bad app it's not give any coupon in food it is also very bad very bad very bad,1,Extremely Dissatisfied
986,Good service and fast service,5,Satisfied
987,nice 👍,5,Satisfied
988,Very Bad cheated us giving duplicate Nandhini ghee and bill was not given for any order and some of the order items where missing in the parcel order best buying nearby,1,Dissatisfied
989,I am order please 1:45pm but till 2:30pm order not delivered uske bad bolate Hain order cancel kar do Ham aapka order delivery nahin kar payenge customer ka pagal Bana Rakha Hai rajlaxmi senior manager order cancel karne ke liye bolte hain totally disappoint next time se use nahin hoga zepto,1,Dissatisfied
990,"I want to lodge a complaint on Zepto. I placed an order but the person reached the wrong place. When delivering the order the person went to Malad instead of Jogeshwari even though I had provided the correct Jogeshwari address during ordering. I received a call from customer care, and they said Ma'am we won't be able to deliver your order, please cancel it. I agreed but I requested a refund. They said it would take 5 to 7 days and asked me to wait. However the person cut the call .",1,Neutral
991,you can't talk to their support person in any case my money debited twice for a single order and I am unable to find a person to talk about it. and they have no other option to register these complaints.,1,Dissatisfied
992,good serviec,4,Satisfied
993,so many times card is unavailable in Chennai,3,Neutral
994,very nice 👍,5,Satisfied
995,good,5,Satisfied
996,Good 👍,5,Satisfied
997,Good Delivery Response,4,Satisfied
998,not on time,1,Neutral
999,i have not get refund money till now,1,Neutral
1000,very well behaved and polite delivery by kugan. an asset to the company,5,Satisfied
,,3.73,
